{"client_meta":{"background_color":{"r":0.11764705926179886,"g":0.11764705926179886,"b":0.11764705926179886,"a":1},"thumbnail_size":{"width":400,"height":244},"render_coordinates":{"x":-1815,"y":-4527,"width":17577,"height":10705}},"file_name":"Untitled","developer_related_links":[],"exported_at":"2026-03-21T19:41:40.651Z"}